{
    "Ellen Perry Berkeley": "As every cat owner knows, nobody owns a cat.",
    "Faith Resnick": "People who don’t like cats were probably mice in an earlier life.",
    "Donna McCrohan":"A cat can purr its way out of anything.",
    "Gary Smith":"Everything I know I learned from my cat: When you’re hungry, eat. When you’re tired, nap in a sunbeam. When you go to the vet’s, pee on your owner.",
    "Anonymous":"If cats looked like frogs we’d realize what nasty, cruel little bastards they are. Style. That’s what people remember.",
    "George Carlin":"'Meow' means 'woof' in cat.",
    "Neil Gaiman":"Anyone who believes what a cat tells him deserves all he gets.",
    "Pam Brown":"Cats can work out mathematically the exact place to sit that will cause most inconvenience.",
    "Terry Pratchett":"In ancient times cats were worshipped as gods; they have not forgotten this.",
    "Paula Poundstone":"The problem with cats is that they get the same exact look whether they see a moth or an ax-murderer.",
    "Mary Bly":"Dogs come when they’re called; cats take a message and get back to you later.",
    "Arch": "A fly a day keeps the vet away.",
    "Nan Porter":"If cats could talk, they wouldn’t.",
    "Mason Cooley":"A happy arrangement: many people prefer cats to other people, and many cats prefer people to other cats.",
    "Eckhart Tolle":"I have lived with several Zen Masters – all of them were cats."

}